{
  "loss": [
    NaN,
    NaN,
    NaN
  ],
  "reward": [
    -0.9521739130434783,
    -0.9521739130434783,
    -0.9521739130434783
  ],
  "accuracy": [
    0.0,
    0.0,
    0.0
  ]
}